profile,mode,samples,cpu_median_ns_per_op,cpu_p95_ns_per_op,cpu_fork_median_min_ns_per_op,cpu_fork_median_max_ns_per_op,completion_median_ns_per_op,gpu_elapsed_median_ns_per_op
state_only_light,CONSTANT_FIXED,93,2.377,3.2583999999999995,2.221,2.466,2.385,0.0
state_only_light,ARRAY_FIXED,93,2.389,3.154599999999999,2.251,2.49,2.393,0.0
state_only_light,I2I,93,59.244,64.7582,58.655,59.817,60.274,0.0
state_only_light,I4I,93,59.883,66.5786,59.284,60.567,61.177,0.0
state_only_light,I2I_CACHED,93,59.352,70.00039999999998,58.201,60.765,61.05,0.0
state_only_light,IPOINTER_EVERY,93,25.967,28.3242,25.763,26.184,25.982,0.0
state_only_light,IPOINTER_BIND_RESTORE,93,70.79,77.45299999999999,70.618,71.021,70.807,0.0
state_only_light,IPOINTER_CACHED,93,26.582,29.5408,26.257,26.881,26.605,0.0
draw_shared_light,CONSTANT_FIXED,93,87.646484375,107.94921874999999,85.64453125,88.57421875,105.76171875,24.5
draw_shared_light,ARRAY_FIXED,93,87.890625,102.17773437499999,87.353515625,88.720703125,107.6171875,15.5
draw_shared_light,I2I,93,139.94140625,183.740234375,139.35546875,141.064453125,163.232421875,62.5
draw_shared_light,I4I,93,142.1875,188.63281249999983,141.064453125,143.505859375,165.087890625,67.5
draw_shared_light,I2I_CACHED,93,139.892578125,169.736328125,138.28125,141.943359375,161.9140625,77.5
draw_shared_light,IPOINTER_EVERY,93,118.017578125,159.66796874999997,117.87109375,118.1640625,140.4296875,80.0
draw_shared_light,IPOINTER_BIND_RESTORE,93,163.330078125,207.38281249999997,162.98828125,163.623046875,183.0078125,109.0
draw_shared_light,IPOINTER_CACHED,93,118.5546875,157.42187499999991,117.08984375,119.091796875,141.30859375,84.0
draw_shared_both,CONSTANT_FIXED,93,85.3515625,106.26953124999997,85.15625,87.6953125,103.369140625,31.0
draw_shared_both,ARRAY_FIXED,93,87.158203125,129.23828125,86.328125,90.8203125,105.615234375,33.5
draw_shared_both,I2I,93,196.337890625,270.791015625,195.8984375,197.509765625,221.923828125,126.5
draw_shared_both,I4I,93,201.220703125,232.96874999999997,197.265625,211.181640625,227.34375,136.0
draw_shared_both,I2I_CACHED,93,198.974609375,257.3339843749999,196.044921875,200.830078125,222.0703125,126.5
draw_shared_both,IPOINTER_EVERY,93,142.67578125,202.65625,139.84375,145.99609375,167.138671875,109.5
draw_shared_both,IPOINTER_BIND_RESTORE,93,191.69921875,258.5449218749998,191.357421875,193.701171875,212.353515625,128.0
draw_shared_both,IPOINTER_CACHED,93,142.529296875,190.7812499999999,141.2109375,144.482421875,165.234375,106.0
draw_shared_group16_light,CONSTANT_FIXED,93,86.328125,112.13867187499997,85.3515625,86.669921875,104.736328125,15.0
draw_shared_group16_light,ARRAY_FIXED,93,87.060546875,103.037109375,85.888671875,87.6953125,104.443359375,15.0
draw_shared_group16_light,I2I,93,139.84375,185.72265624999997,139.35546875,142.724609375,165.91796875,76.5
draw_shared_group16_light,I4I,93,140.185546875,193.759765625,139.697265625,143.5546875,169.3359375,79.5
draw_shared_group16_light,I2I_CACHED,93,89.013671875,118.40820312499993,87.98828125,90.52734375,105.810546875,19.5
draw_shared_group16_light,IPOINTER_EVERY,93,118.701171875,161.8554687499998,118.06640625,119.677734375,142.919921875,85.5
draw_shared_group16_light,IPOINTER_BIND_RESTORE,93,164.697265625,209.228515625,161.71875,167.919921875,184.521484375,109.0
draw_shared_group16_light,IPOINTER_CACHED,93,89.697265625,116.48437499999999,89.55078125,90.576171875,107.275390625,26.0
draw_item64_light,CONSTANT_FIXED,93,184.716796875,229.30664062499994,180.2734375,193.896484375,213.96484375,145.5
draw_item64_light,ARRAY_FIXED,93,193.115234375,254.814453125,188.28125,207.51953125,222.509765625,171.0
draw_item64_light,I2I,93,255.810546875,317.91015625,252.978515625,262.01171875,286.572265625,210.0
draw_item64_light,I4I,93,250.48828125,325.9375,245.556640625,258.935546875,282.666015625,209.0
draw_item64_light,I2I_CACHED,93,247.705078125,323.232421875,236.376953125,265.869140625,270.5078125,188.0
draw_item64_light,IPOINTER_EVERY,93,223.33984375,298.32031249999994,219.62890625,228.564453125,255.6640625,192.5
draw_item64_light,IPOINTER_BIND_RESTORE,93,270.1171875,351.36718749999994,267.48046875,285.888671875,300.830078125,231.5
draw_item64_light,IPOINTER_CACHED,93,225.146484375,289.6191406249999,218.26171875,236.81640625,266.2109375,195.0
draw_item64_both,CONSTANT_FIXED,93,187.646484375,254.71679687499994,174.8046875,197.0703125,218.06640625,136.5
draw_item64_both,ARRAY_FIXED,93,192.28515625,263.86718749999994,182.91015625,202.9296875,227.685546875,156.5
draw_item64_both,I2I,93,308.30078125,374.1992187499999,296.728515625,311.083984375,342.48046875,248.0
draw_item64_both,I4I,93,312.646484375,394.68749999999983,301.66015625,328.076171875,350.87890625,249.5
draw_item64_both,I2I_CACHED,93,301.513671875,373.0371093749999,298.974609375,313.18359375,337.158203125,235.5
draw_item64_both,IPOINTER_EVERY,93,244.04296875,331.05468749999994,235.400390625,248.974609375,275.78125,191.0
draw_item64_both,IPOINTER_BIND_RESTORE,93,295.8984375,373.22265624999994,283.837890625,310.693359375,333.69140625,234.5
draw_item64_both,IPOINTER_CACHED,93,221.38671875,296.34765624999983,210.595703125,232.51953125,245.80078125,174.5
draw_item64_mesh128_light,CONSTANT_FIXED,93,182.8125,229.1015625,179.8828125,187.3046875,1059.5703125,784.0
draw_item64_mesh128_light,ARRAY_FIXED,93,190.0390625,226.8359375,177.9296875,195.5078125,1055.6640625,786.0
draw_item64_mesh128_light,I2I,93,255.46875,392.3437499999999,248.6328125,266.6015625,1129.296875,784.0
draw_item64_mesh128_light,I4I,93,241.40625,363.90625,230.6640625,252.1484375,1171.6796875,784.0
draw_item64_mesh128_light,I2I_CACHED,93,242.96875,362.77343749999994,228.3203125,248.4375,1148.6328125,784.0
draw_item64_mesh128_light,IPOINTER_EVERY,93,213.671875,275.8203125,212.5,216.6015625,1116.9921875,786.0
draw_item64_mesh128_light,IPOINTER_BIND_RESTORE,93,266.40625,395.58593749999994,259.5703125,284.765625,1131.4453125,786.0
draw_item64_mesh128_light,IPOINTER_CACHED,93,223.046875,287.3828125,215.625,233.984375,1093.1640625,786.0
